{
    "instance": {
        "magic": "APF_VER_1",
			"variant_select" : {
				"id" : 777,
				"select" : false
			},
			"data_path": "maglord",
		    "data_slots": [
					{
		        "id": 3,
						"filename": "srom"
		      },
					{
		        "id": 4,
						"filename": "prom"
		      },
					{
		        "id": 5,
						"filename": "crom0"
		      },
					{
		        "id": 6,
						"filename": "m1rom"
		      },
					{
		        "id": 7,
						"filename": "vroma0"
		      }
		    ],
			"memory_writes": [
				{
						"address": "0xF000030c",
						"data": "0xFFFFFFFF"
				},
				{
						"address": "0xF0000310",
						"data": "0x00200000"
				},
				{
						"address": "0xF0000314",
						"data": "0x0007FFFF"
				}
			]
    }
}