{
    "video": {
        "magic": "APF_VER_1",
        "scaler_modes": [
            {
                "width": 300,
                "height": 224,
                "aspect_w": 4,
                "aspect_h": 3,
                "rotation": 0,
                "mirror": 0
            },
			{
                "width": 300,
                "height": 256,
                "aspect_w": 4,
                "aspect_h": 3,
                "rotation": 0,
                "mirror": 0
            }
        ]
    }
}