{
    "instance": {
        "magic": "APF_VER_1",
			"variant_select" : {
				"id" : 777,
				"select" : false
			},
		    "data_slots": [
					{
		        "id": 3,
						"filename": "srom"
		      },
					{
		        "id": 4,
						"filename": "prom"
		      },
					{
		        "id": 5,
						"filename": "crom0"
		      },
					{
		        "id": 6,
						"filename": "m1rom"
		      },
					{
		        "id": 7,
						"filename": "vroma0"
		      }
		    ],
			"memory_writes": [
				{
						"address": "0xf0000000",
						"data": "0x00000000"
				},
				{
						"address": "0xf0000004",
						"data": "0x00000000"
				},
				{
						"address": "0xf0000008",
						"data": "0x000000FF"
				},
				{
						"address": "0xf000000c",
						"data": "0x00000001"
				},
				{
						"address": "0xf0000010",
						"data": "0x00000010"
				},
				{
						"address": "0xf0000014",
						"data": "0x00000000"
				},
				{
						"address": "0xf0000018",
						"data": "0x00000000"
				},
				{
						"address": "0xf000001C",
						"data": "0x000000FF"
				},
				{
						"address": "0xf0000020",
						"data": "0x000000FF"
				},
				{
						"address": "0xf0000034",
						"data": "0x00000000"
				},
				{
						"address": "0xf0000038",
						"data": "0x00000000"
				}
			]
    }
}