{
    "data": {
        "magic": "APF_VER_1",
			"data_slots": [
				{
					"name": "Game JSON Setup",
					"id": 0,
					"required": true,
					"parameters": "0x1D3",
					"extensions": [
						"json"
					]
				},
				{
					"name": "Memory Card",
					"id": "0x101",
					"required": false,
					"parameters": 36,
					"nonvolatile": true,
					"extensions": [
						"sav"
					],
					"size_exact": null,
					"size_maximum": 8192,
					"address": "0x60000000"
				},
				{
					"name": "Backup Ram",
					"id": "0x102",
					"required": false,
					"parameters": 32,
					"nonvolatile": true,
					"filename" : "backup.bak",
					"extensions": [
						"bak"
					],
					"size_exact": null,
					"size_maximum": 65536,
					"address": "0x70000000"
				},
				{
					"name": "BIOS",
					"id": 1,
					"required": true,
					"parameters": 65,
					"filename" : "uni-bios_1_0.rom",
					"extensions": [
						"rom", "sp1", "bin"
					],
					"size_exact": 0,
					"size_maximum": 131072,
					"address": "0x10A00000"
				},
				{
					"name": "LO",
					"id": 2,
					"required": true,
					"parameters": 0,
					"filename" : "000-lo.lo",
					"extensions": [
						"lo"
					],
					"size_exact": 0,
					"size_maximum": 131072,
					"address": "0x50000000"
				},
				{
					"name": "SFIX",
					"id": 9,
					"required": true,
					"parameters": 0,
					"filename": "sfix.sfix",
					"extensions": [
						"sfix"
					],
					"size_exact": 0,
					"size_maximum": 131072,
					"address": "0x10D00000"
				},
				{
					"name": "SROM",
					"id": 3,
					"required": true,
					"parameters": 0,
					"extensions": [
						"srom"
					],
					"size_exact": 0,
					"size_maximum": 524288,
					"address": "0x10C00000"
				},
				{
					"name": "PROG",
					"id": 4,
					"required": true,
					"parameters": 0,
					"extensions": [
						"bin", "pbin", "prom"
					],
					"size_exact": 0,
					"size_maximum": 8388609,
					"address": "0x10000000"
				},
				
				{
					"name": "CROM",
					"id": 5,
					"required": true,
					"parameters": 0,
					"extensions": [
						"cbin", "crom0"
					],
					"size_exact": 0,
					"size_maximum": 67108865,
					"address": "0x40000000"
				},
				{
					"name": "MROM",
					"id": 6,
					"required": true,
					"parameters": 0,
					"extensions": [
						"mbin", "m1rom"
					],
					"size_exact": 0,
					"size_maximum": 524288,
					"address": "0x10F80000"
				},
				{
					"name": "VROM",
					"id": 7,
					"required": true,
					"parameters": 0,
					"extensions": [
						"vbin", "vroma0"
					],
					"size_exact": 0,
					"size_maximum": 16777216,
					"address": "0x20000000"
				},
				{
					"name": "PROG1",
					"id": 8,
					"required": false,
					"secondary": true,
					"parameters": 0,
					"extensions": [
						"bin", "pbin", "prom1"
					],
					"size_maximum": 1048576,
					"address": "0x10800000"
				}
				
			]
    }
}